model,accuracy,precision,recall,f1
logreg,0.7448979591836735,0.3409090909090909,0.6382978723404256,0.4444444444444444
dtree,0.7993197278911565,0.36363636363636365,0.3404255319148936,0.3516483516483517
